{
    "min_mean": 248.02280274518486,
    "max_mean": 3440.8793446978084,
    "mean_mean": 1088.3563988774072,
    "std_mean": 631.5172560816189,
    "valid_ratio_mean": 0.7988343586843222,
    "holes_mean": 0.2011656413156778,
    "gradient_mean": 98.48688050405838,
    "samples_analyzed": 4517
}